{
    "run_id": "625704c7f77f404b86d059ca0c1eb7eb",
    "task_label": "MongoDB_1M_768D_K30_Low_conc_Open_source",
    "results": [
        {
            "metrics": {
                "max_load_count": 0,
                "insert_duration": 0.0,
                "optimize_duration": 0.0,
                "load_duration": 0.0,
                "qps": 46.9475,
                "serial_latency_p99": 0.0856,
                "serial_latency_p95": 0.0783,
                "recall": 0.9578,
                "ndcg": 0.9569,
                "conc_num_list": [
                    1,
                    2,
                    3,
                    4,
                    5,
                    6,
                    7
                ],
                "conc_qps_list": [
                    15.1975,
                    30.4882,
                    39.7164,
                    46.9475,
                    46.4471,
                    46.7648,
                    46.3993
                ],
                "conc_latency_p99_list": [
                    0.08607060039881617,
                    0.09063150385336485,
                    0.10682197368267225,
                    0.13194949740078296,
                    0.18159900073485913,
                    0.20326855155930398,
                    0.25109524214145496
                ],
                "conc_latency_p95_list": [
                    0.08002214720472693,
                    0.08056598125040182,
                    0.09719673954896278,
                    0.10948444280365947,
                    0.15179799850448034,
                    0.1802923101990018,
                    0.2085147554069408
                ],
                "conc_latency_avg_list": [
                    0.06577787695383028,
                    0.06557192656458238,
                    0.07547845451507733,
                    0.08507851069634177,
                    0.1074816330786082,
                    0.12812475010160837,
                    0.15045674259736969
                ],
                "st_ideal_insert_duration": 0,
                "st_search_stage_list": [],
                "st_search_time_list": [],
                "st_max_qps_list_list": [],
                "st_recall_list": [],
                "st_ndcg_list": [],
                "st_serial_latency_p99_list": [],
                "st_serial_latency_p95_list": [],
                "st_conc_failed_rate_list": []
            },
            "task_config": {
                "db": "MongoDB",
                "db_config": {
                    "db_label": "",
                    "version": "",
                    "note": "",
                    "connection_string": "**********",
                    "database": "vdb_bench"
                },
                "db_case_config": {
                    "index": "HNSW",
                    "metric_type": "COSINE",
                    "num_candidates_ratio": 10,
                    "quantization": "none"
                },
                "case_config": {
                    "case_id": 5,
                    "custom_case": null,
                    "k": 30,
                    "concurrency_search_config": {
                        "num_concurrency": [
                            1,
                            2,
                            3,
                            4,
                            5,
                            6,
                            7
                        ],
                        "concurrency_duration": 30,
                        "concurrency_timeout": 3600
                    }
                },
                "stages": [
                    "drop_old",
                    "load",
                    "search_serial",
                    "search_concurrent"
                ]
            },
            "label": ":)"
        }
    ],
    "file_fmt": "result_{}_{}_{}.json",
    "timestamp": 1755734400.0
}