{
    "run_id": "c0a0a45ab269461d99516a12cec0072f",
    "task_label": "VertexAI_GCP_Dot_metric_1M_768_K30_Low_conc",
    "results": [
        {
            "metrics": {
                "max_load_count": 0,
                "insert_duration": 0.0,
                "optimize_duration": 0.0,
                "load_duration": 0.0,
                "qps": 120.4042,
                "serial_latency_p99": 0.0987,
                "serial_latency_p95": 0.0573,
                "recall": 0.9095,
                "ndcg": 0.9178,
                "conc_num_list": [
                    1,
                    2,
                    3,
                    4,
                    5,
                    6,
                    7
                ],
                "conc_qps_list": [
                    16.7622,
                    33.609,
                    51.4074,
                    67.9142,
                    85.8209,
                    101.8628,
                    120.4042
                ],
                "conc_latency_p99_list": [
                    0.10536019834922628,
                    0.10449675618961918,
                    0.10372721115360035,
                    0.1041585782796028,
                    0.09884584200699464,
                    0.10215229179288142,
                    0.09431171958451154
                ],
                "conc_latency_p95_list": [
                    0.059256975600146686,
                    0.0584341580986802,
                    0.05765595379925799,
                    0.05816673044173513,
                    0.05742305600870168,
                    0.05822172023981693,
                    0.05745815644841059
                ],
                "conc_latency_avg_list": [
                    0.059648264894718125,
                    0.0594513548455676,
                    0.05831759772366131,
                    0.05886517489332833,
                    0.05823789293642803,
                    0.058836919010914264,
                    0.05805639855968682
                ],
                "st_ideal_insert_duration": 0,
                "st_search_stage_list": [],
                "st_search_time_list": [],
                "st_max_qps_list_list": [],
                "st_recall_list": [],
                "st_ndcg_list": [],
                "st_serial_latency_p99_list": [],
                "st_serial_latency_p95_list": [],
                "st_conc_failed_rate_list": []
            },
            "task_config": {
                "db": "VertexAI",
                "db_config": {
                    "db_label": "",
                    "version": "",
                    "note": "",
                    "project_id": "launchx-466911",
                    "region": "us-central1",
                    "index_id": "6501176959551143936",
                    "endpoint_id": "7213044767838437376",
                    "gcp_service_account": "**********"
                },
                "db_case_config": {
                    "metric_type": "IP",
                    "dimension": 768,
                    "gcs_bucket": null
                },
                "case_config": {
                    "case_id": 5,
                    "custom_case": null,
                    "k": 30,
                    "concurrency_search_config": {
                        "num_concurrency": [
                            1,
                            2,
                            3,
                            4,
                            5,
                            6,
                            7
                        ],
                        "concurrency_duration": 30,
                        "concurrency_timeout": 3600
                    }
                },
                "stages": [
                    "drop_old",
                    "load",
                    "search_serial",
                    "search_concurrent"
                ]
            },
            "label": ":)"
        }
    ],
    "file_fmt": "result_{}_{}_{}.json",
    "timestamp": 1754956800.0
}