{
    "run_id": "c87d20e1ac6b4390af1c78a49cb65ca6",
    "task_label": "Redis_1M_768D_K30_Low_conc_Open_source",
    "results": [
        {
            "metrics": {
                "max_load_count": 0,
                "insert_duration": 0,
                "optimize_duration": 0.0004,
                "load_duration": 0,
                "qps": 545.4101,
                "serial_latency_p99": 0.0041,
                "serial_latency_p95": 0.0038,
                "recall": 0.9623,
                "ndcg": 0.9657,
                "conc_num_list": [
                    1,
                    2,
                    3,
                    4,
                    5,
                    6,
                    7
                ],
                "conc_qps_list": [
                    346.6894,
                    513.6599,
                    545.4101,
                    433.6741,
                    495.5205,
                    491.8083,
                    491.2784
                ],
                "conc_latency_p99_list": [
                    0.004218367440143995,
                    0.005686865640000178,
                    0.007142606670136043,
                    0.034843187459955495,
                    0.011895046730051035,
                    0.014821601549942899,
                    0.01696450847006872
                ],
                "conc_latency_p95_list": [
                    0.0035768872997323322,
                    0.0051243165999039775,
                    0.006462572900022678,
                    0.011820549599906348,
                    0.011287959249943923,
                    0.013875670500056003,
                    0.016005272550023618
                ],
                "conc_latency_avg_list": [
                    0.0028802286342846325,
                    0.0038888065676214736,
                    0.005494904620646384,
                    0.00921417655987228,
                    0.010081013162853534,
                    0.01218741555336432,
                    0.014233553972411633
                ],
                "st_ideal_insert_duration": 0,
                "st_search_stage_list": [],
                "st_search_time_list": [],
                "st_max_qps_list_list": [],
                "st_recall_list": [],
                "st_ndcg_list": [],
                "st_serial_latency_p99_list": [],
                "st_serial_latency_p95_list": [],
                "st_conc_failed_rate_list": []
            },
            "task_config": {
                "db": "Redis",
                "db_config": {
                    "db_label": "",
                    "version": "",
                    "note": "",
                    "password": null,
                    "host": "**********",
                    "port": 6379
                },
                "db_case_config": {
                    "metric_type": "COSINE",
                    "M": 16,
                    "efConstruction": 256,
                    "ef": 128,
                    "index": "HNSW"
                },
                "case_config": {
                    "case_id": 5,
                    "custom_case": null,
                    "k": 30,
                    "concurrency_search_config": {
                        "num_concurrency": [
                            1,
                            2,
                            3,
                            4,
                            5,
                            6,
                            7
                        ],
                        "concurrency_duration": 30,
                        "concurrency_timeout": 3600
                    }
                },
                "stages": [
                    "drop_old",
                    "load",
                    "search_serial",
                    "search_concurrent"
                ]
            },
            "label": ":)"
        }
    ],
    "file_fmt": "result_{}_{}_{}.json",
    "timestamp": 1755648000.0
}