{
    "run_id": "042fa0ed97c54b8b8ca1f9ac3fe7879f",
    "task_label": "Milvus_High_conc_K30_1M_768",
    "results": [
        {
            "metrics": {
                "max_load_count": 0,
                "insert_duration": 0.0,
                "optimize_duration": 0.0,
                "load_duration": 0.0,
                "qps": 199.1649,
                "serial_latency_p99": 0.0645,
                "serial_latency_p95": 0.0476,
                "recall": 0.942,
                "ndcg": 0.9471,
                "conc_num_list": [
                    1,
                    5,
                    10,
                    20,
                    30,
                    40,
                    60,
                    80
                ],
                "conc_qps_list": [
                    23.3003,
                    117.5085,
                    199.1649,
                    181.5589,
                    180.3034,
                    178.2269,
                    171.2414,
                    167.6589
                ],
                "conc_latency_p99_list": [
                    0.05499988196883355,
                    0.06439041442048615,
                    0.1510940699232742,
                    1.1345722237419977,
                    1.7580956324795223,
                    3.8896575536049203,
                    6.936420139428082,
                    7.045683346736041
                ],
                "conc_latency_p95_list": [
                    0.045335199596593156,
                    0.04544617769861361,
                    0.08665978439676109,
                    0.26923158824502025,
                    0.28135198680975004,
                    0.5822197793968371,
                    1.4260087220434798,
                    1.458846862042265
                ],
                "conc_latency_avg_list": [
                    0.042606129443850074,
                    0.042229124705931716,
                    0.049590613753843826,
                    0.10077476341567404,
                    0.15373174132058773,
                    0.20599927696925277,
                    0.31609800854042946,
                    0.42253239499976214
                ],
                "st_ideal_insert_duration": 0,
                "st_search_stage_list": [],
                "st_search_time_list": [],
                "st_max_qps_list_list": [],
                "st_recall_list": [],
                "st_ndcg_list": [],
                "st_serial_latency_p99_list": [],
                "st_serial_latency_p95_list": [],
                "st_conc_failed_rate_list": []
            },
            "task_config": {
                "db": "Milvus",
                "db_config": {
                    "db_label": "",
                    "version": "",
                    "note": "",
                    "uri": "**********",
                    "user": "db_f9c9fdd372afb43",
                    "password": "**********",
                    "num_shards": 1
                },
                "db_case_config": {
                    "index": "HNSW",
                    "metric_type": "COSINE",
                    "use_partition_key": false,
                    "M": 32,
                    "efConstruction": 256,
                    "ef": 128
                },
                "case_config": {
                    "case_id": 5,
                    "custom_case": null,
                    "k": 30,
                    "concurrency_search_config": {
                        "num_concurrency": [
                            1,
                            5,
                            10,
                            20,
                            30,
                            40,
                            60,
                            80
                        ],
                        "concurrency_duration": 30,
                        "concurrency_timeout": 3600
                    }
                },
                "stages": [
                    "drop_old",
                    "load",
                    "search_serial",
                    "search_concurrent"
                ]
            },
            "label": ":)"
        }
    ],
    "file_fmt": "result_{}_{}_{}.json",
    "timestamp": 1754352000.0
}